{
  "model_name": "distilbert-base-uncased",
  "train_metrics": {
    "train_runtime": 6330.9225,
    "train_samples_per_second": 1.58,
    "train_steps_per_second": 0.197,
    "total_flos": 661631190421536.0,
    "train_loss": 0.3404234001159668,
    "epoch": 1.0
  },
  "eval_metrics": {
    "eval_loss": 0.2562171220779419,
    "eval_accuracy": 0.8985,
    "eval_precision": 0.8736426456071076,
    "eval_recall": 0.921875,
    "eval_f1": 0.8971109984794728,
    "eval_runtime": 391.9019,
    "eval_samples_per_second": 5.103,
    "eval_steps_per_second": 0.638,
    "epoch": 1.0
  }
}